t,n,A,B,C,D
0.00045,0,-0.00659023,-0.006670107,7.987721E-05,0
0.00228,1,-0.00659023,-0.006670107,7.987721E-05,0
0.00232,2,-0.00659023,-0.006670107,7.987721E-05,0
0.00354,3,-0.00659023,-0.006670107,7.987721E-05,0
0.00536,4,-0.00659023,-0.006670107,7.987721E-05,0
0.00540,5,-0.00659023,-0.006670107,7.987721E-05,0
0.00655,6,-0.00659023,-0.006670107,7.987721E-05,0
0.00839,7,-0.00659023,-0.006670107,7.987721E-05,0
0.00842,8,-0.00659023,-0.006670107,7.987721E-05,0
0.01021,9,-0.00659023,-0.006670107,7.987721E-05,0
0.01024,10,-0.00659023,-0.006670107,7.987721E-05,0
0.01155,11,-0.00659023,-0.006670107,7.987721E-05,0
0.01332,12,-0.00659023,-0.006670107,7.987721E-05,0
0.01334,13,-0.00659023,-0.006670107,7.987721E-05,0
0.01454,14,-0.00659023,-0.006670107,7.987721E-05,0
0.01640,15,-0.00659023,-0.006670107,7.987721E-05,0
0.01644,16,-0.00659023,-0.006670107,7.987721E-05,0
0.01824,17,-0.00659023,-0.006670107,7.987721E-05,0
0.01827,18,-0.00659023,-0.006670107,7.987721E-05,0
0.01947,19,-0.00659023,-0.006670107,7.987721E-05,0
0.02129,20,-0.00659023,-0.006670107,7.987721E-05,0
0.02131,21,-0.00659023,-0.006670107,7.987721E-05,0
0.02256,22,-0.00659023,-0.006670107,7.987721E-05,0
0.02437,23,-0.00659023,-0.006670107,7.987721E-05,0
0.02440,24,-0.00659023,-0.006670107,7.987721E-05,0
0.02621,25,-0.00659023,-0.006670107,7.987721E-05,0
0.02622,26,-0.00659023,-0.006670107,7.987721E-05,0
0.02751,27,-0.00659023,-0.006670107,7.987721E-05,0
0.02932,28,-0.00659023,-0.006670107,7.987721E-05,0
0.02934,29,-0.00659023,-0.006670107,7.987721E-05,0
0.03055,30,-0.00659023,-0.006670107,7.987721E-05,0
0.03239,31,-0.00659023,-0.006670107,7.987721E-05,0
0.03241,32,-0.00659023,-0.006670107,7.987721E-05,0
0.03441,33,-0.00659023,-0.006670107,7.987721E-05,0
0.03445,34,-0.00659023,-0.006670107,7.987721E-05,0
0.03554,35,-0.00659023,-0.006670107,7.987721E-05,0
0.03730,36,-0.00659023,-0.006670107,7.987721E-05,0
0.03731,37,-0.00659023,-0.006670107,7.987721E-05,0
0.03858,38,-0.00659023,-0.006670107,7.987721E-05,0
0.04040,39,-0.00659023,-0.006670107,7.987721E-05,0
0.04044,40,-0.00659023,-0.006670107,7.987721E-05,0
0.04223,41,-0.00659023,-0.006670107,7.987721E-05,0
0.04228,42,-0.00659023,-0.006670107,7.987721E-05,0
0.04347,43,-0.00659023,-0.006670107,7.987721E-05,0
0.04531,44,-0.00659023,-0.006670107,7.987721E-05,0
0.04534,45,-0.00659023,-0.006670107,7.987721E-05,0
0.04657,46,-0.00659023,-0.006670107,7.987721E-05,0
0.04836,47,-0.00659023,-0.006670107,7.987721E-05,0
0.04838,48,-0.00659023,-0.006670107,7.987721E-05,0
0.05026,49,-0.00659023,-0.006670107,7.987721E-05,0
0.05029,50,-0.00659023,-0.006670107,7.987721E-05,0
0.05150,51,-0.00659023,-0.006670107,7.987721E-05,0
0.05335,52,-0.00659023,-0.006670107,7.987721E-05,0
0.05339,53,-0.00659023,-0.006670107,7.987721E-05,0
0.05456,54,-0.00659023,-0.006670107,7.987721E-05,0
0.05637,55,-0.00659023,-0.006670107,7.987721E-05,0
0.05641,56,-0.00659023,-0.006670107,7.987721E-05,0
0.05822,57,-0.00659023,-0.006670107,7.987721E-05,0
0.05824,58,-0.00659023,-0.006670107,7.987721E-05,0
0.05947,59,-0.00659023,-0.006670107,7.987721E-05,0
0.06132,60,-0.00659023,-0.006670107,7.987721E-05,0
0.06135,61,-0.00659023,-0.006670107,7.987721E-05,0
0.06254,62,-0.00659023,-0.006670107,7.987721E-05,0
0.06439,63,-0.00659023,-0.006670107,7.987721E-05,0
0.06443,64,-0.00659023,-0.006670107,7.987721E-05,0
0.06620,65,-0.00659023,-0.006670107,7.987721E-05,0
0.06622,66,-0.00659023,-0.006670107,7.987721E-05,0
0.06753,67,-0.00659023,-0.006670107,7.987721E-05,0
0.06934,68,-0.00659023,-0.006670107,7.987721E-05,0
0.06937,69,-0.00659023,-0.006670107,7.987721E-05,0
0.07055,70,-0.00659023,-0.006670107,7.987721E-05,0
0.07237,71,-0.00659023,-0.006670107,7.987721E-05,0
0.07241,72,-0.00659023,-0.006670107,7.987721E-05,0
0.07421,73,-0.00659023,-0.006670107,7.987721E-05,0
0.07423,74,-0.00659023,-0.006670107,7.987721E-05,0
0.07556,75,-0.00659023,-0.006670107,7.987721E-05,0
0.07733,76,-0.00659023,-0.006670107,7.987721E-05,0
0.07740,77,-0.00659023,-0.006670107,7.987721E-05,0
0.07855,78,-0.00659023,-0.006670107,7.987721E-05,0
0.08039,79,-0.00659023,-0.006670107,7.987721E-05,0
0.08042,80,-0.00659023,-0.006670107,7.987721E-05,0
0.08220,81,-0.00659023,-0.006670107,7.987721E-05,0
0.08221,82,-0.00659023,-0.006670107,7.987721E-05,0
0.08347,83,-0.00659023,-0.006670107,7.987721E-05,0
0.08529,84,-0.00659023,-0.006670107,7.987721E-05,0
0.08532,85,-0.00659023,-0.006670107,7.987721E-05,0
0.08657,86,-0.00659023,-0.006670107,7.987721E-05,0
0.08838,87,-0.00659023,-0.006670107,7.987721E-05,0
0.08841,88,-0.00659023,-0.006670107,7.987721E-05,0
0.09021,89,-0.00659023,-0.006670107,7.987721E-05,0
0.09023,90,-0.00659023,-0.006670107,7.987721E-05,0
0.09147,91,-0.00659023,-0.006670107,7.987721E-05,0
0.09329,92,-0.00659023,-0.006670107,7.987721E-05,0
0.09332,93,-0.00659023,-0.006670107,7.987721E-05,0
0.09454,94,-0.00659023,-0.006670107,7.987721E-05,0
0.09639,95,-0.00659023,-0.006670107,7.987721E-05,0
0.09643,96,-0.00659023,-0.006670107,7.987721E-05,0
0.09819,97,-0.00659023,-0.006670107,7.987721E-05,0
0.09820,98,-0.00659023,-0.006670107,7.987721E-05,0
0.09947,99,-0.00659023,-0.006670107,7.987721E-05,0
0.10134,100,-0.00659023,-0.006670107,7.987721E-05,0
0.10138,101,-0.00659023,-0.006670107,7.987721E-05,0
0.10259,102,-0.00659023,-0.006670107,7.987721E-05,0
0.10440,103,-0.00659023,-0.006670107,7.987721E-05,0
0.10446,104,-0.00659023,-0.006670107,7.987721E-05,0
0.10620,105,-0.00659023,-0.006670107,7.987721E-05,0
0.10622,106,-0.00659023,-0.006670107,7.987721E-05,0
0.10746,107,-0.00659023,-0.006670107,7.987721E-05,0
0.10929,108,-0.00659023,-0.006670107,7.987721E-05,0
0.10931,109,-0.00659023,-0.006670107,7.987721E-05,0
0.11054,110,-0.00659023,-0.006670107,7.987721E-05,0
0.11238,111,-0.00659023,-0.006670107,7.987721E-05,0
0.11242,112,-0.00659023,-0.006670107,7.987721E-05,0
0.11420,113,-0.00659023,-0.006670107,7.987721E-05,0
0.11423,114,-0.00659023,-0.006670107,7.987721E-05,0
0.11548,115,-0.00659023,-0.006670107,7.987721E-05,0
0.11747,116,-0.00659023,-0.006670107,7.987721E-05,0
0.11750,117,-0.00659023,-0.006670107,7.987721E-05,0
0.11859,118,-0.00659023,-0.006670107,7.987721E-05,0
0.12038,119,-0.00659023,-0.006670107,7.987721E-05,0
0.12041,120,-0.00659023,-0.006670107,7.987721E-05,0
0.12220,121,-0.00659023,-0.006670107,7.987721E-05,0
0.12222,122,-0.00659023,-0.006670107,7.987721E-05,0
0.12349,123,-0.00659023,-0.006670107,7.987721E-05,0
0.12529,124,-0.00659023,-0.006670107,7.987721E-05,0
0.12531,125,-0.00659023,-0.006670107,7.987721E-05,0
0.12654,126,-0.00659023,-0.006670107,7.987721E-05,0
0.12836,127,-0.00659023,-0.006670107,7.987721E-05,0
0.12838,128,-0.00659023,-0.006670107,7.987721E-05,0
0.13021,129,-0.00659023,-0.006670107,7.987721E-05,0
0.13023,130,-0.00659023,-0.006670107,7.987721E-05,0
0.13148,131,-0.00659023,-0.006670107,7.987721E-05,0
0.13330,132,-0.00659023,-0.006670107,7.987721E-05,0
0.13332,133,-0.00659023,-0.006670107,7.987721E-05,0
0.13458,134,-0.00659023,-0.006670107,7.987721E-05,0
0.13640,135,-0.00659023,-0.006670107,7.987721E-05,0
0.13644,136,-0.00659023,-0.006670107,7.987721E-05,0
0.13821,137,-0.00659023,-0.006670107,7.987721E-05,0
0.13823,138,-0.00659023,-0.006670107,7.987721E-05,0
0.13950,139,-0.00659023,-0.006670107,7.987721E-05,0
0.14129,140,-0.00659023,-0.006670107,7.987721E-05,0
0.14131,141,-0.00659023,-0.006670107,7.987721E-05,0
0.14254,142,-0.00659023,-0.006670107,7.987721E-05,0
0.14436,143,-0.00659023,-0.006670107,7.987721E-05,0
0.14438,144,-0.00659023,-0.006670107,7.987721E-05,0
0.14621,145,-0.00659023,-0.006670107,7.987721E-05,0
0.14623,146,-0.00659023,-0.006670107,7.987721E-05,0
0.14751,147,-0.00659023,-0.006670107,7.987721E-05,0
0.14928,148,-0.00659023,-0.006670107,7.987721E-05,0
0.14929,149,-0.00659023,-0.006670107,7.987721E-05,0
0.15054,150,-0.00659023,-0.006670107,7.987721E-05,0
0.15237,151,-0.00659023,-0.006670107,7.987721E-05,0
0.15239,152,-0.00659023,-0.006670107,7.987721E-05,0
0.15420,153,-0.00659023,-0.006670107,7.987721E-05,0
0.15421,154,-0.00659023,-0.006670107,7.987721E-05,0
0.15549,155,-0.00659023,-0.006670107,7.987721E-05,0
0.15729,156,-0.00659023,-0.006670107,7.987721E-05,0
0.15731,157,-0.00659023,-0.006670107,7.987721E-05,0
0.15856,158,-0.00659023,-0.006670107,7.987721E-05,0
0.16037,159,-0.00659023,-0.006670107,7.987721E-05,0
0.16040,160,-0.00659023,-0.006670107,7.987721E-05,0
0.16227,161,-0.00659023,-0.006670107,7.987721E-05,0
0.16230,162,-0.00659023,-0.006670107,7.987721E-05,0
0.16347,163,-0.00659023,-0.006670107,7.987721E-05,0
0.16530,164,-0.00659023,-0.006670107,7.987721E-05,0
0.16534,165,-0.00659023,-0.006670107,7.987721E-05,0
0.16654,166,-0.00659023,-0.006670107,7.987721E-05,0
0.16837,167,-0.00659023,-0.006670107,7.987721E-05,0
0.16839,168,-0.00659023,-0.006670107,7.987721E-05,0
0.17024,169,-0.00659023,-0.006670107,7.987721E-05,0
0.17031,170,-0.00659023,-0.006670107,7.987721E-05,0
0.17147,171,-0.00659023,-0.006670107,7.987721E-05,0
0.17330,172,-0.00659023,-0.006670107,7.987721E-05,0
0.17332,173,-0.00659023,-0.006670107,7.987721E-05,0
0.17459,174,-0.00659023,-0.006670107,7.987721E-05,0
0.17639,175,-0.00659023,-0.006670107,7.987721E-05,0
0.17641,176,-0.00659023,-0.006670107,7.987721E-05,0
0.17823,177,-0.00659023,-0.006670107,7.987721E-05,0
0.17825,178,-0.00659023,-0.006670107,7.987721E-05,0
0.17947,179,-0.00659023,-0.006670107,7.987721E-05,0
0.18128,180,-0.00659023,-0.006670107,7.987721E-05,0
0.18129,181,-0.00659023,-0.006670107,7.987721E-05,0
0.18257,182,-0.00659023,-0.006670107,7.987721E-05,0
0.18436,183,-0.00659023,-0.006670107,7.987721E-05,0
0.18438,184,-0.00659023,-0.006670107,7.987721E-05,0
0.18622,185,-0.00659023,-0.006670107,7.987721E-05,0
0.18624,186,-0.00659023,-0.006670107,7.987721E-05,0
0.18746,187,-0.00659023,-0.006670107,7.987721E-05,0
0.18928,188,-0.00659023,-0.006670107,7.987721E-05,0
0.18929,189,-0.00659023,-0.006670107,7.987721E-05,0
0.19058,190,-0.00659023,-0.006670107,7.987721E-05,0
0.19236,191,-0.00659023,-0.006670107,7.987721E-05,0
0.19238,192,-0.00659023,-0.006670107,7.987721E-05,0
0.19420,193,-0.00659023,-0.006670107,7.987721E-05,0
0.19422,194,-0.00659023,-0.006670107,7.987721E-05,0
0.19545,195,-0.00659023,-0.006670107,7.987721E-05,0
0.19730,196,-0.00659023,-0.006670107,7.987721E-05,0
0.19734,197,-0.00659023,-0.006670107,7.987721E-05,0
0.19854,198,-0.00659023,-0.006670107,7.987721E-05,0
0.20036,199,-0.00659023,-0.006670107,7.987721E-05,0
0.20037,200,-0.00659023,-0.006670107,7.987721E-05,0
0.20221,201,-0.00659023,-0.006670107,7.987721E-05,0
0.20223,202,-0.00659023,-0.006670107,7.987721E-05,0
0.20346,203,-0.00659023,-0.006670107,7.987721E-05,0
0.20529,204,-0.00659023,-0.006670107,7.987721E-05,0
0.20531,205,-0.00659023,-0.006670107,7.987721E-05,0
0.20656,206,-0.00659023,-0.006670107,7.987721E-05,0
0.20838,207,-0.00659023,-0.006670107,7.987721E-05,0
0.20842,208,-0.00659023,-0.006670107,7.987721E-05,0
0.21019,209,-0.00659023,-0.006670107,7.987721E-05,0
0.21021,210,-0.00659023,-0.006670107,7.987721E-05,0
0.21147,211,-0.00659023,-0.006670107,7.987721E-05,0
0.21329,212,-0.00659023,-0.006670107,7.987721E-05,0
0.21330,213,-0.00659023,-0.006670107,7.987721E-05,0
0.21456,214,-0.00659023,-0.006670107,7.987721E-05,0
0.21636,215,-0.00659023,-0.006670107,7.987721E-05,0
0.21638,216,-0.00659023,-0.006670107,7.987721E-05,0
0.21837,217,-0.00659023,-0.006670107,7.987721E-05,0
0.21839,218,-0.00659023,-0.006670107,7.987721E-05,0
0.21947,219,-0.00659023,-0.006670107,7.987721E-05,0
0.22130,220,-0.00659023,-0.006670107,7.987721E-05,0
0.22136,221,-0.00659023,-0.006670107,7.987721E-05,0
0.22257,222,-0.00659023,-0.006670107,7.987721E-05,0
0.22438,223,-0.00659023,-0.006670107,7.987721E-05,0
0.22440,224,-0.00659023,-0.006670107,7.987721E-05,0
0.22623,225,-0.00659023,-0.006670107,7.987721E-05,0
0.22625,226,-0.00659023,-0.006670107,7.987721E-05,0
0.22747,227,-0.00659023,-0.006670107,7.987721E-05,0
0.22929,228,-0.00659023,-0.006670107,7.987721E-05,0
0.22930,229,-0.00659023,-0.006670107,7.987721E-05,0
0.23056,230,-0.00659023,-0.006670107,7.987721E-05,0
0.23236,231,-0.00659023,-0.006670107,7.987721E-05,0
0.23238,232,-0.00659023,-0.006670107,7.987721E-05,0
0.23432,233,-0.00659023,-0.006670107,7.987721E-05,0
0.23437,234,-0.00659023,-0.006670107,7.987721E-05,0
0.23550,235,-0.00659023,-0.006670107,7.987721E-05,0
0.23729,236,-0.00659023,-0.006670107,7.987721E-05,0
0.23731,237,-0.00659023,-0.006670107,7.987721E-05,0
0.23856,238,-0.00659023,-0.006670107,7.987721E-05,0
0.24036,239,-0.00659023,-0.006670107,7.987721E-05,0
0.24038,240,-0.00659023,-0.006670107,7.987721E-05,0
0.24221,241,-0.00659023,-0.006670107,7.987721E-05,0
0.24222,242,-0.00659023,-0.006670107,7.987721E-05,0
0.24349,243,-0.00659023,-0.006670107,7.987721E-05,0
0.24529,244,-0.00659023,-0.006670107,7.987721E-05,0
0.24531,245,-0.00659023,-0.006670107,7.987721E-05,0
0.24656,246,-0.00659023,-0.006670107,7.987721E-05,0
0.24837,247,-0.00659023,-0.006670107,7.987721E-05,0
0.24839,248,-0.00659023,-0.006670107,7.987721E-05,0
0.25022,249,-0.00659023,-0.006670107,7.987721E-05,0
0.25025,250,-0.00659023,-0.006670107,7.987721E-05,0
0.25147,251,-0.00659023,-0.006670107,7.987721E-05,0
0.25330,252,-0.00659023,-0.006670107,7.987721E-05,0
0.25334,253,-0.00659023,-0.006670107,7.987721E-05,0
0.25454,254,-0.00659023,-0.006670107,7.987721E-05,0
0.25636,255,-0.00659023,-0.006670107,7.987721E-05,0
0.25640,256,-0.00659023,-0.006670107,7.987721E-05,0
0.25821,257,-0.00659023,-0.006670107,7.987721E-05,0
0.25823,258,-0.00659023,-0.006670107,7.987721E-05,0
0.25946,259,-0.00659023,-0.006670107,7.987721E-05,0
0.26128,260,-0.00659023,-0.006670107,7.987721E-05,0
0.26130,261,-0.00659023,-0.006670107,7.987721E-05,0
0.26255,262,-0.00659023,-0.006670107,7.987721E-05,0
0.26436,263,-0.00659023,-0.006670107,7.987721E-05,0
0.26437,264,-0.00659023,-0.006670107,7.987721E-05,0
0.26623,265,-0.00659023,-0.006670107,7.987721E-05,0
0.26625,266,-0.00659023,-0.006670107,7.987721E-05,0
0.26761,267,-0.00659023,-0.006670107,7.987721E-05,0
0.26930,268,-0.00659023,-0.006670107,7.987721E-05,0
0.26931,269,-0.00659023,-0.006670107,7.987721E-05,0
0.27055,270,-0.00659023,-0.006670107,7.987721E-05,0
0.27237,271,-0.00659023,-0.006670107,7.987721E-05,0
0.27240,272,-0.00659023,-0.006670107,7.987721E-05,0
0.27422,273,-0.00659023,-0.006670107,7.987721E-05,0
0.27426,274,-0.00659023,-0.006670107,7.987721E-05,0
0.27549,275,-0.00659023,-0.006670107,7.987721E-05,0
0.27730,276,-0.00659023,-0.006670107,7.987721E-05,0
0.27731,277,-0.00659023,-0.006670107,7.987721E-05,0
0.27855,278,-0.00659023,-0.006670107,7.987721E-05,0
0.28038,279,-0.00659023,-0.006670107,7.987721E-05,0
0.28041,280,-0.00659023,-0.006670107,7.987721E-05,0
0.28222,281,-0.00659023,-0.006670107,7.987721E-05,0
0.28225,282,-0.00659023,-0.006670107,7.987721E-05,0
0.28347,283,-0.00659023,-0.006670107,7.987721E-05,0
0.28531,284,-0.00659023,-0.006670107,7.987721E-05,0
0.28533,285,-0.00659023,-0.006670107,7.987721E-05,0
0.28655,286,-0.00659023,-0.006670107,7.987721E-05,0
0.28838,287,-0.00659023,-0.006670107,7.987721E-05,0
0.28839,288,-0.00659023,-0.006670107,7.987721E-05,0
0.29024,289,-0.00659023,-0.006670107,7.987721E-05,0
0.29028,290,-0.00659023,-0.006670107,7.987721E-05,0
0.29146,291,-0.00659023,-0.006670107,7.987721E-05,0
0.29330,292,-0.00659023,-0.006670107,7.987721E-05,0
0.29334,293,-0.00659023,-0.006670107,7.987721E-05,0
0.29460,294,-0.00659023,-0.006670107,7.987721E-05,0
0.29636,295,-0.00659023,-0.006670107,7.987721E-05,0
0.29637,296,-0.00659023,-0.006670107,7.987721E-05,0
0.29824,297,-0.00659023,-0.006670107,7.987721E-05,0
0.29827,298,-0.00659023,-0.006670107,7.987721E-05,0
0.29945,299,-0.00659023,-0.006670107,7.987721E-05,0
0.30133,300,-0.00659023,-0.006670107,7.987721E-05,0
0.30147,301,-0.00659023,-0.006670107,7.987721E-05,0
0.30256,302,-0.00659023,-0.006670107,7.987721E-05,0
0.30437,303,29.99341,-0.006670107,5,0
0.30439,304,29.99341,-0.006670107,5,0
0.30622,305,29.99341,-0.006470403,5,0.021812981
0.30626,306,29.99341,-0.00575146964,5,0.158144116
0.30750,307,29.99341,-0.004513306,5,0.4417129
0.30933,308,29.99341,-0.002676031,5,0.867066
0.30937,309,29.99341,-0.000239644563,5,1.39057755
0.31054,310,29.99341,0.00291567575,5,1.99588776
0.31237,311,29.99341,0.00714939646,5,2.666637
0.31238,312,29.99341,0.0111035323,5,3.27194738
0.31424,313,29.99341,0.0146582592,5,3.61550164
0.31426,314,29.99341,0.0186523348,5,3.8227253
0.31547,315,29.99341,0.0227262937,5,3.8990705
0.31763,316,29.99341,0.0266005471,5,3.92088318
0.31772,317,29.99341,0.0320724323,5,4.3571434
0.31860,318,29.99341,0.0367455035,5,4.640712
0.32038,319,29.99341,0.041019164,5,4.651618
0.32041,320,29.99341,0.0454126447,5,4.733417
0.32220,321,29.99341,0.049965892,5,4.493474
0.32223,322,29.99341,0.0556774251,5,4.651618
0.32346,323,29.99341,0.060430374,5,4.858842
0.32529,324,29.99341,0.0650235638,5,4.847935
0.32531,325,29.99341,0.06969663,5,4.96245337
0.32656,326,29.99341,0.07500875,5,4.74432325
0.32837,327,29.99341,0.08080016,5,4.95154667
0.32840,328,29.99341,0.085233584,5,5.066065
0.33021,329,29.99341,0.09046583,5,5.07697153
0.33024,330,29.99341,0.09521878,5,5.09878445
0.33149,331,29.99341,0.100770541,5,4.95154667
0.33330,332,29.99341,0.106082663,5,5.12059736
0.33333,333,29.99341,0.1109155,5,5.087878
0.33456,334,29.99341,0.116227619,5,5.224209
0.33637,335,29.99341,0.121140338,5,5.13150358
0.33639,336,29.99341,0.126851857,5,5.153317
0.33824,337,29.99341,0.131484985,5,5.191489
0.33829,338,29.99341,0.136477575,5,5.05515862
0.33946,339,29.99341,0.141270474,5,5.07697153
0.34132,340,29.99341,0.146462768,5,4.869748
0.34135,341,29.99341,0.1517749,5,5.02789259
0.34255,342,29.99341,0.1562882,5,4.96245337
0.34437,343,29.99341,0.1612808,5,4.95154667
0.34439,344,29.99341,0.165754169,5,4.88065434
0.34624,345,29.99341,0.171066284,5,4.76613665
0.34627,346,29.99341,0.176018938,5,4.95154667
0.34751,347,29.99341,0.180572182,5,4.82612228
0.34932,348,29.99341,0.185604721,5,4.92973375
0.34935,349,29.99341,0.19023785,5,4.837029
0.35054,350,29.99341,0.19551003,5,4.81521559
0.35239,351,29.99341,0.199943453,5,4.891561
0.35243,352,29.99341,0.204656467,5,4.733417
0.35426,353,29.99341,0.209928632,5,4.90246725
0.35431,354,29.99341,0.214721546,5,4.81521559
0.35546,355,29.99341,0.21975407,5,4.891561
0.35733,356,29.99341,0.223947853,5,4.891561
0.35736,357,29.99341,0.229020327,5,4.72251034
0.35854,358,29.99341,0.239325047,5,4.88065434
0.36037,359,29.99341,0.243878275,5,4.98426628
0.36040,360,29.99341,0.247952253,5,4.798856
0.36223,361,29.99341,0.253464073,5,4.6625247
0.36226,362,29.99341,0.2587762,5,4.858842
0.36347,363,29.99341,0.2635691,5,4.858842
0.36533,364,29.99341,0.26816228,5,5.066065
0.36536,365,29.99341,0.2723161,5,4.78794956
0.36655,366,29.99341,0.277787983,5,4.70069742
0.36839,367,29.99341,0.282700717,5,4.78794956
0.36842,368,29.99341,0.287693322,5,4.798856
0.37025,369,29.99341,0.2923664,5,5.02789259
0.37028,370,29.99341,0.2967998,5,4.78794956
0.37146,371,29.99341,0.302111924,5,4.81521559
0.37333,372,29.99341,0.3068649,5,4.81521559
0.37335,373,29.99341,0.312177,5,4.847935
0.37454,374,29.99341,0.316929966,5,5.066065
0.37637,375,29.99341,0.3214033,5,4.837029
0.37640,376,29.99341,0.326236129,5,4.837029
0.37829,377,29.99341,0.3309891,5,4.711604
0.37834,378,29.99341,0.336700618,5,4.847935
0.37948,379,29.99341,0.341213942,5,4.98426628
0.38134,380,29.99341,0.345727235,5,4.858842
0.38137,381,29.99341,0.350360364,5,4.891561
0.38256,382,29.99341,0.355233133,5,4.640712
0.38439,383,29.99341,0.361144364,5,4.891561
0.38443,384,29.99341,0.365697622,5,5.016986
0.38624,385,29.99341,0.370410621,5,4.98426628
0.38626,386,29.99341,0.37504378,5,4.96245337
0.38748,387,29.99341,0.379996419,5,4.68979073
0.38933,388,29.99341,0.385548174,5,4.90246725
0.38936,389,29.99341,0.390261173,5,4.891561
0.39054,390,29.99341,0.395054072,5,4.95154667
0.39238,391,29.99341,0.3994875,5,4.858842
0.39243,392,29.99341,0.405318856,5,4.70069742
0.39424,393,29.99341,0.4098721,5,4.95154667
0.39426,394,29.99341,0.414664984,5,4.891561
0.39548,395,29.99341,0.419377983,5,4.98426628
0.39733,396,29.99341,0.423931271,5,4.81521559
0.39735,397,29.99341,0.429522932,5,4.76613665
0.39854,398,29.99341,0.43423593,5,4.92973375
0.40038,399,29.99341,0.439028859,5,4.847935
0.40040,400,29.99341,0.444021434,5,5.016986
0.40224,401,29.99341,0.448854268,5,4.858842
0.40226,402,29.99341,0.4546457,5,4.95154667
0.40346,403,29.99341,0.459039152,5,4.97335958
0.40531,404,29.99341,0.46391198,5,4.869748
0.40534,405,29.99341,0.468585044,5,4.913374
0.40655,406,29.99341,0.473737359,5,4.72251034
0.40838,407,29.99341,0.479009539,5,4.94064
0.40841,408,29.99341,0.483482927,5,4.913374
0.41021,409,29.99341,0.4884356,5,4.90246725
0.41022,410,29.99341,0.492988825,5,4.891561
0.41150,411,29.99341,0.4983808,5,4.76613665
0.41334,412,29.99341,0.5033335,5,4.96245337
0.41337,413,29.99341,0.507567167,5,4.869748
0.41454,414,29.99341,0.512679636,5,4.96245337
0.41638,415,29.99341,0.517392635,5,4.891561
0.41641,416,29.99341,0.522744656,5,4.847935
0.41823,417,29.99341,0.527218044,5,4.96245337
0.41825,418,29.99341,0.532011,5,4.78794956
0.41947,419,29.99341,0.537323058,5,4.97335958
0.42133,420,29.99341,0.542195857,5,4.891561
0.42136,421,29.99341,0.547308266,5,4.94064
0.42255,422,29.99341,0.551502049,5,4.96245337
0.42440,423,29.99341,0.5568142,5,4.798856
0.42444,424,29.99341,0.5622461,5,4.995173
0.42622,425,29.99341,0.5671189,5,4.95154667
0.42624,426,29.99341,0.5716322,5,5.038799
0.42750,427,29.99341,0.5758659,5,4.837029
0.42934,428,29.99341,0.5816174,5,4.75523
0.42938,429,29.99341,0.5868097,5,4.92973375
0.43055,430,29.99341,0.591602564,5,4.913374
0.43238,431,29.99341,0.5961159,5,5.09878445
0.43241,432,29.99341,0.6005493,5,4.81521559
0.43439,433,29.99341,0.606141031,5,4.76613665
0.43444,434,29.99341,0.610973835,5,4.837029
0.43547,435,29.99341,0.616086245,5,4.891561
0.43732,436,29.99341,0.6205197,5,5.05515862
0.43734,437,29.99341,0.6252327,5,4.78794956
0.43854,438,29.99341,0.630465,5,4.847935
0.44038,439,29.99341,0.63517797,5,4.798856
0.44042,440,29.99341,0.640649855,5,4.92973375
0.44225,441,29.99341,0.645083249,5,5.038799
0.44228,442,29.99341,0.650075853,5,4.82612228
0.44348,443,29.99341,0.6545093,5,4.847935
0.44532,444,29.99341,0.6594619,5,4.68979073
0.44535,445,29.99341,0.6650536,5,4.891561
0.44656,446,29.99341,0.6693273,5,4.95154667
0.44838,447,29.99341,0.6740403,5,4.847935
0.44841,448,29.99341,0.6785137,5,4.837029
0.45021,449,29.99341,0.6837459,5,4.60799265
0.45024,450,29.99341,0.693811,5,4.97335958
0.45158,451,29.99341,0.698843539,5,4.98426628
0.45335,452,29.99341,0.703197062,5,4.891561
0.45338,453,29.99341,0.7087488,5,4.6625247
0.45455,454,29.99341,0.7139411,5,4.92973375
0.45638,455,29.99341,0.7184145,5,4.869748
0.45643,456,29.99341,0.723087549,5,4.96245337
0.45824,457,29.99341,0.7276009,5,4.81521559
0.45827,458,29.99341,0.733272433,5,4.711604
0.45945,459,29.99341,0.738145232,5,4.96245337
0.46131,460,29.99341,0.742778361,5,4.88065434
0.46134,461,29.99341,0.747371554,5,4.97335958
0.46255,462,29.99341,0.752084553,5,4.76613665
0.46438,463,29.99341,0.7576363,5,4.76613665
0.46441,464,29.99341,0.7621496,5,4.891561
0.46624,465,29.99341,0.767102242,5,4.847935
0.46626,466,29.99341,0.77197504,5,5.006079
0.46760,467,29.99341,0.7769277,5,4.81521559
0.46930,468,29.99341,0.78227973,5,4.95154667
0.46933,469,29.99341,0.786673248,5,4.95154667
0.47056,470,29.99341,0.791546047,5,4.858842
0.47239,471,29.99341,0.7961791,5,4.891561
0.47241,472,29.99341,0.8014114,5,4.711604
0.47425,473,29.99341,0.806563735,5,4.94064
0.47427,474,29.99341,0.811077058,5,4.891561
0.47546,475,29.99341,0.815989733,5,4.90246725
0.47731,476,29.99341,0.820583,5,4.869748
0.47733,477,29.99341,0.826014936,5,4.76613665
0.47856,478,29.99341,0.83084774,5,4.96245337
0.48038,479,29.99341,0.835480869,5,4.869748
0.48041,480,29.99341,0.840553343,5,4.96245337
0.48220,481,29.99341,0.8452663,5,4.869748
0.48223,482,29.99341,0.8506184,5,4.858842
0.48346,483,29.99341,0.854931951,5,4.94064
0.48532,484,29.99341,0.8598847,5,4.777043
0.48534,485,29.99341,0.865076959,5,4.95154667
0.48655,486,29.99341,0.8699098,5,4.847935
0.48836,487,29.99341,0.874942362,5,4.913374
0.48838,488,29.99341,0.87909615,5,4.90246725
0.49024,489,29.99341,0.884488165,5,4.75523
0.49027,490,29.99341,0.8897603,5,4.95154667
0.49147,491,29.99341,0.8946731,5,4.913374
0.49334,492,29.99341,0.8990665,5,5.006079
0.49336,493,29.99341,0.9033002,5,4.798856
0.49455,494,29.99341,0.909091651,5,4.733417
0.49638,495,29.99341,0.914483666,5,4.891561
0.49640,496,29.99341,0.919396341,5,4.90246725
0.49823,497,29.99341,0.9234704,5,5.087878
0.49826,498,29.99341,0.9283032,5,4.78794956
0.49945,499,29.99341,0.933854938,5,4.75523
0.50137,500,29.99341,0.938647866,5,4.82612228
0.50142,501,29.99341,0.9440798,5,4.88065434
0.50255,502,29.99341,0.9483534,5,5.05515862
0.50440,503,29.99341,0.953306139,5,4.78794956
0.50445,504,29.99341,0.9584185,5,4.847935
0.50622,505,29.99341,0.9626123,5,4.81521559
0.50624,506,29.99341,0.9680043,5,4.913374
0.50745,507,29.99341,0.9724777,5,5.05515862
0.50930,508,29.99341,0.977190733,5,4.837029
0.50932,509,29.99341,0.9819436,5,4.858842
0.51055,510,29.99341,0.987056,5,4.72251034
0.51239,511,29.99341,0.9926078,5,4.94064
0.51242,512,29.99341,0.9969214,5,4.995173
0.51423,513,29.99341,1.00171435,5,4.90246725
0.51425,514,29.99341,1.00626755,5,4.891561
0.51545,515,29.99341,1.01177943,5,4.68979073
0.51750,516,29.99341,1.017371,5,5.016986
0.51755,517,29.99341,1.02208412,5,5.02789259
0.51857,518,29.99341,1.026797,5,5.05515862
0.52039,519,29.99341,1.03131032,5,4.92973375
0.52043,520,29.99341,1.03710175,5,4.74432325
0.52224,521,29.99341,1.04205453,5,4.995173
0.52229,522,29.99341,1.04660773,5,4.90246725
0.52345,523,29.99341,1.0512408,5,5.016986
0.52534,524,29.99341,1.0559938,5,4.81521559
0.52536,525,29.99341,1.06174529,5,4.78794956
0.52657,526,29.99341,1.06637836,5,4.98426628
0.52836,527,29.99341,1.07113135,5,4.913374
0.52838,528,29.99341,1.07564461,5,4.98426628
0.53025,529,29.99341,1.08067727,5,4.74432325
0.53028,530,29.99341,1.086109,5,4.837029
0.53146,531,29.99341,1.09054255,5,4.88065434
0.53332,532,29.99341,1.095615,5,4.90246725
0.53335,533,29.99341,1.10032809,5,5.006079
0.53456,534,29.99341,1.10560024,5,4.81521559
0.53641,535,29.99341,1.11063278,5,4.995173
0.53648,536,29.99341,1.11510611,5,4.90246725
0.53822,537,29.99341,1.12005877,5,4.869748
0.53823,538,29.99341,1.12461209,5,4.858842
0.53945,539,29.99341,1.13008392,5,4.74432325
0.54131,540,29.99341,1.13491678,5,4.98426628
0.54133,541,29.99341,1.13954985,5,4.88065434
0.54255,542,29.99341,1.14442265,5,4.92973375
0.54439,543,29.99341,1.14909577,5,4.81521559
0.54444,544,29.99341,1.15460753,5,4.798856
0.54626,545,29.99341,1.15916085,5,4.95154667
0.54628,546,29.99341,1.1639936,5,4.858842
0.54745,547,29.99341,1.16894627,5,4.98426628
0.54931,548,29.99341,1.17905128,5,4.891561
0.54934,549,29.99341,1.18320513,5,4.88065434
0.55060,550,29.99341,1.18843734,5,4.777043
0.55238,551,29.99341,1.19343,5,4.94064
0.55242,552,29.99341,1.19838262,5,4.81521559
0.55420,553,29.99341,1.20313549,5,4.95154667
0.55423,554,29.99341,1.20740926,5,4.847935
0.55546,555,29.99341,1.21304083,5,4.76613665
0.55730,556,29.99341,1.21811342,5,4.94064
0.55732,557,29.99341,1.2229861,5,4.90246725
0.55856,558,29.99341,1.22714,5,4.995173
0.56038,559,29.99341,1.2317332,5,4.74432325
0.56040,560,29.99341,1.23756444,5,4.75523
0.56220,561,29.99341,1.24243724,5,4.88065434
0.56222,562,29.99341,1.24735,5,4.92973375
0.56345,563,29.99341,1.25154376,5,5.066065
0.56529,564,29.99341,1.25633669,5,4.74432325
0.56530,565,29.99341,1.26176858,5,4.777043
0.56658,566,29.99341,1.26656151,5,4.798856
0.56840,567,29.99341,1.27167392,5,4.913374
0.56844,568,29.99341,1.27594757,5,5.016986
0.57024,569,29.99341,1.28094018,5,4.75523
0.57026,570,29.99341,1.28601265,5,4.858842
0.57147,571,29.99341,1.29088545,5,4.78794956
0.57332,572,29.99341,1.29623747,5,4.96245337
0.57335,573,29.99341,1.30051112,5,5.006079
0.57455,574,29.99341,1.305344,5,4.81521559
0.57638,575,29.99341,1.310057,5,4.837029
0.57641,576,29.99341,1.31568861,5,4.70069742
0.57819,577,29.99341,1.320921,5,4.95154667
0.57820,578,29.99341,1.32515466,5,4.94064
0.57946,579,29.99341,1.32998741,5,4.869748
0.58134,580,29.99341,1.33446085,5,4.82612228
0.58138,581,29.99341,1.34017229,5,4.640712
0.58256,582,29.99341,1.345125,5,4.995173
0.58440,583,29.99341,1.34987783,5,4.97335958
0.58444,584,29.99341,1.35443127,5,5.016986
0.58620,585,29.99341,1.35902441,5,4.858842
0.58621,586,29.99341,1.36485577,5,4.72251034
0.58746,587,29.99341,1.36956882,5,4.96245337
0.58934,588,29.99341,1.37420189,5,4.88065434
0.58938,589,29.99341,1.37875509,5,4.98426628
0.59056,590,29.99341,1.38362789,5,4.76613665
0.59240,591,29.99341,1.38929951,5,4.76613665
0.59244,592,29.99341,1.39413238,5,4.96245337
0.59420,593,29.99341,1.39896512,5,4.90246725
0.59424,594,29.99341,1.40343857,5,4.98426628
0.59547,595,29.99341,1.40859091,5,4.74432325
0.59731,596,29.99341,1.413903,5,4.847935
0.59734,597,29.99341,1.41833639,5,4.88065434
0.59855,598,29.99341,1.4234488,5,4.90246725
0.60037,599,29.99341,1.42816186,5,5.006079
0.60040,600,29.99341,1.43351388,5,4.81521559
0.60220,601,29.99341,1.43842661,5,5.016986
0.60222,602,29.99341,1.44325948,5,4.913374
0.60346,603,29.99341,1.447613,5,4.88065434
0.60530,604,29.99341,1.45220613,5,4.847935
0.60533,605,29.99341,1.457718,5,4.74432325
0.60657,606,29.99341,1.46243107,5,4.98426628
0.60849,607,29.99341,1.467144,5,4.88065434
0.60855,608,29.99341,1.471937,5,4.94064
0.61019,609,29.99341,1.47665,5,4.798856
0.61021,610,29.99341,1.48212183,5,4.798856
0.61147,611,29.99341,1.48663509,5,4.95154667
0.61334,612,29.99341,1.49154782,5,4.847935
0.61337,613,29.99341,1.49642062,5,4.97335958
0.61455,614,29.99341,1.50133324,5,4.81521559
0.61637,615,29.99341,1.5064857,5,4.88065434
0.61639,616,29.99341,1.51067936,5,4.869748
0.61821,617,29.99341,1.51595163,5,4.777043
0.61823,618,29.99341,1.52094424,5,4.92973375
0.61946,619,29.99341,1.52589679,5,4.81521559
0.62130,620,29.99341,1.53056991,5,4.95154667
0.62132,621,29.99341,1.53492343,5,4.847935
0.62255,622,29.99341,1.540595,5,4.777043
0.62437,623,29.99341,1.54558766,5,4.95154667
0.62440,624,29.99341,1.55050039,5,4.913374
0.62620,625,29.99341,1.55461419,5,5.006079
0.62621,626,29.99341,1.55932724,5,4.74432325
0.62747,627,29.99341,1.56515861,5,4.76613665
0.62935,628,29.99341,1.56999147,5,4.891561
0.62938,629,29.99341,1.5749042,5,4.94064
0.63055,630,29.99341,1.579058,5,5.087878
0.63238,631,29.99341,1.58401072,5,4.74432325
0.63241,632,29.99341,1.58940268,5,4.78794956
0.63440,633,29.99341,1.5941956,5,4.81521559
0.63444,634,29.99341,1.599308,5,4.94064
0.63547,635,29.99341,1.60354173,5,5.02789259
0.63730,636,29.99341,1.60865414,5,4.76613665
0.63731,637,29.99341,1.61368668,5,4.88065434
0.63854,638,29.99341,1.61863935,5,4.78794956
0.64038,639,29.99341,1.624191,5,4.98426628
0.64041,640,29.99341,1.63313782,5,4.82612228
0.64219,641,29.99341,1.63777089,5,4.847935
0.64221,642,29.99341,1.64360225,5,4.711604
0.64346,643,29.99341,1.64867473,5,4.97335958
0.64532,644,29.99341,1.65298843,5,4.94064
0.64534,645,29.99341,1.65778124,5,4.90246725
0.64656,646,29.99341,1.66233456,5,4.82612228
0.64836,647,29.99341,1.66824579,5,4.68979073
0.64838,648,29.99341,1.67319846,5,5.038799
0.65019,649,29.99341,1.6777916,5,4.98426628
0.65021,650,29.99341,1.682305,5,5.038799
0.65150,651,29.99341,1.68709779,5,4.847935
0.65331,652,29.99341,1.69288921,5,4.74432325
0.65333,653,29.99341,1.69748235,5,4.98426628
0.65454,654,29.99341,1.70219553,5,4.891561
0.65636,655,29.99341,1.70666885,5,4.995173
0.65637,656,29.99341,1.71178114,5,4.75523
0.65820,657,29.99341,1.717333,5,4.81521559
0.65822,658,29.99341,1.72184622,5,4.96245337
0.65950,659,29.99341,1.72671914,5,4.913374
0.66129,660,29.99341,1.73111248,5,4.96245337
0.66132,661,29.99341,1.73642468,5,4.72251034
0.66255,662,29.99341,1.74153709,5,4.858842
0.66437,663,29.99341,1.74605048,5,4.858842
0.66439,664,29.99341,1.75116265,5,4.913374
0.66624,665,29.99341,1.75583589,5,4.995173
0.66627,666,29.99341,1.76130772,5,4.81521559
0.66765,667,29.99341,1.76602077,5,5.016986
0.66930,668,29.99341,1.770654,5,4.90246725
0.66932,669,29.99341,1.77580631,5,4.88065434
0.67057,670,29.99341,1.78019977,5,4.82612228
0.67236,671,29.99341,1.78571153,5,4.76613665
0.67237,672,29.99341,1.79030466,5,4.97335958
0.67420,673,29.99341,1.79513764,5,4.88065434
0.67422,674,29.99341,1.79981065,5,4.95154667
0.67549,675,29.99341,1.80476332,5,4.798856
0.67728,676,29.99341,1.81015527,5,4.837029
0.67729,677,29.99341,1.81458879,5,4.94064
0.67856,678,29.99341,1.81962132,5,4.847935
0.68035,679,29.99341,1.82441413,5,4.97335958
0.68037,680,29.99341,1.82948661,5,4.798856
0.68219,681,29.99341,1.83443928,5,4.90246725
0.68220,682,29.99341,1.83871281,5,4.869748
0.68346,683,29.99341,1.844105,5,4.798856
0.68533,684,29.99341,1.84893775,5,4.94064
0.68534,685,29.99341,1.85432971,5,4.81521559
0.68657,686,29.99341,1.8587631,5,4.98426628
0.68836,687,29.99341,1.86343634,5,4.81521559
0.68838,688,29.99341,1.86914766,5,4.82612228
0.69021,689,29.99341,1.87402058,5,4.97335958
0.69023,690,29.99341,1.879093,5,4.913374
0.69147,691,29.99341,1.883087,5,5.006079
0.69333,692,29.99341,1.88835919,5,4.72251034
0.69336,693,29.99341,1.893951,5,4.798856
0.69456,694,29.99341,1.89842439,5,4.891561
0.69638,695,29.99341,1.90297759,5,4.97335958
0.69643,696,29.99341,1.90705156,5,5.05515862
0.69822,697,29.99341,1.91228378,5,4.711604
0.69825,698,29.99341,1.917516,5,4.81521559
0.69946,699,29.99341,1.92242873,5,4.81521559
0.70132,700,29.99341,1.92742133,5,4.98426628
0.70134,701,29.99341,1.931735,5,5.016986
0.70255,702,29.99341,1.9373666,5,4.78794956
0.70435,703,29.99341,1.9419198,5,4.90246725
0.70436,704,29.99341,1.947152,5,4.82612228
0.70620,705,29.99341,1.95242441,5,5.066065
0.70621,706,29.99341,1.95689774,5,5.006079
0.70746,707,29.99341,1.96181035,5,4.858842
0.70928,708,29.99341,1.96652329,5,4.847935
0.70932,709,29.99341,1.97223485,5,4.75523
0.71055,710,29.99341,1.97690809,5,5.02789259
0.71238,711,29.99341,1.98142135,5,4.92973375
0.71241,712,29.99341,1.98605442,5,4.92973375
0.71422,713,29.99341,1.9909271,5,4.777043
0.71424,714,29.99341,1.99687839,5,4.74432325
0.71545,715,29.99341,2.00147152,5,5.066065
0.71745,716,29.99341,2.00618458,5,4.97335958
0.71750,717,29.99341,2.01057816,5,5.02789259
0.71859,718,29.99341,2.01569057,5,4.777043
0.72038,719,29.99341,2.02136183,5,4.78794956
0.72043,720,29.99341,2.02575541,5,4.96245337
0.72220,721,29.99341,2.03054833,5,4.90246725
0.72221,722,29.99341,2.034982,5,4.96245337
0.72349,723,29.99341,2.040334,5,4.70069742
0.72528,724,29.99341,2.04560614,5,4.858842
0.72530,725,29.99341,2.0501194,5,4.92973375
0.72659,726,29.99341,2.05491233,5,4.92973375
0.72836,727,29.99341,2.05938554,5,4.92973375
0.72838,728,29.99341,2.06489754,5,4.70069742
0.73020,729,29.99341,2.06973028,5,4.891561
0.73022,730,29.99341,2.07440329,5,4.847935
0.73146,731,29.99341,2.07947588,5,4.95154667
0.73329,732,29.99341,2.084189,5,4.95154667
0.73331,733,29.99341,2.08970046,5,4.847935
0.73456,734,29.99341,2.094214,5,5.02789259
0.73637,735,29.99341,2.099007,5,4.88065434
0.73638,736,29.99341,2.10375977,5,4.92973375
0.73825,737,29.99341,2.11410451,5,4.81521559
0.73828,738,29.99341,2.11410451,5,4.81521559
0.73946,739,29.99341,2.12349057,5,4.869748
0.74130,740,29.99341,2.12812376,5,4.96245337
0.74133,741,29.99341,2.133316,5,4.76613665
0.74254,742,29.99341,2.13850832,5,4.891561
0.74437,743,29.99341,2.14298153,5,4.92973375
0.74439,744,29.99341,2.148094,5,4.88065434
0.74626,745,29.99341,2.152807,5,4.995173
0.74628,746,29.99341,2.15807915,5,4.798856
0.74746,747,29.99341,2.16271234,5,4.96245337
0.74929,748,29.99341,2.16734552,5,4.837029
0.74931,749,29.99341,2.17265749,5,4.847935
0.75055,750,29.99341,2.17749047,5,4.95154667
0.75238,751,29.99341,2.18256283,5,4.837029
0.75242,752,29.99341,2.18683648,5,4.995173
0.75425,753,29.99341,2.1918292,5,4.777043
0.75428,754,29.99341,2.197421,5,4.88065434
0.75547,755,29.99341,2.20225382,5,4.95154667
0.75727,756,29.99341,2.20692682,5,4.95154667
0.75729,757,29.99341,2.211001,5,4.96245337
0.75855,758,29.99341,2.21651268,5,4.70069742
0.76037,759,29.99341,2.22190452,5,4.869748
0.76040,760,29.99341,2.22669744,5,4.88065434
0.76220,761,29.99341,2.23137045,5,5.02789259
0.76222,762,29.99341,2.23556447,5,4.98426628
0.76345,763,29.99341,2.241116,5,4.70069742
0.76530,764,29.99341,2.246029,5,4.837029
0.76532,765,29.99341,2.251381,5,4.798856
0.76656,766,29.99341,2.255974,5,5.016986
0.76862,767,29.99341,2.26048732,5,4.92973375
0.76868,768,29.99341,2.26579952,5,4.777043
0.77035,769,29.99341,2.27031279,5,4.869748
0.77038,770,29.99341,2.27566481,5,4.798856
0.77148,771,29.99341,2.28057742,5,5.066065
0.77330,772,29.99341,2.28517079,5,4.913374
0.77334,773,29.99341,2.29000354,5,4.837029
0.77455,774,29.99341,2.29483652,5,4.777043
0.77636,775,29.99341,2.300508,5,4.75523
0.77637,776,29.99341,2.30490136,5,5.016986
0.77825,777,29.99341,2.30953455,5,4.88065434
0.77828,778,29.99341,2.31408787,5,4.913374
0.77945,779,29.99341,2.31920028,5,4.70069742
0.78137,780,29.99341,2.32503152,5,4.76613665
0.78142,781,29.99341,2.329465,5,5.05515862
0.78256,782,29.99341,2.33449769,5,4.96245337
0.78437,783,29.99341,2.33885121,5,5.016986
0.78443,784,29.99341,2.344323,5,4.733417
0.78621,785,29.99341,2.34963512,5,4.82612228
0.78623,786,29.99341,2.35406852,5,4.94064
0.78747,787,29.99341,2.35878158,5,4.913374
0.78933,788,29.99341,2.36329484,5,4.95154667
0.78935,789,29.99341,2.36888647,5,4.6734314
0.79059,790,29.99341,2.37383914,5,4.88065434
0.79238,791,29.99341,2.378752,5,4.90246725
0.79239,792,29.99341,2.38282585,5,4.94064
0.79425,793,29.99341,2.387419,5,4.891561
0.79429,794,29.99341,2.392971,5,4.70069742
0.79547,795,29.99341,2.397644,5,4.891561
0.79733,796,29.99341,2.40243673,5,4.837029
0.79735,797,29.99341,2.4073894,5,4.97335958
0.79858,798,29.99341,2.41222239,5,4.90246725
0.80036,799,29.99341,2.41765428,5,4.847935
0.80038,800,29.99341,2.42204785,5,5.006079
0.80227,801,29.99341,2.4268806,5,4.847935
0.80230,802,29.99341,2.43155384,5,4.90246725
0.80348,803,29.99341,2.436626,5,4.74432325
0.80528,804,29.99341,2.44189835,5,4.81521559
0.80530,805,29.99341,2.44637179,5,4.94064
0.80657,806,29.99341,2.45124435,5,4.858842
0.80838,807,29.99341,2.45579767,5,4.94064
0.80840,808,29.99341,2.46110964,5,4.72251034
0.81022,809,29.99341,2.46614242,5,4.869748
0.81025,810,29.99341,2.47065568,5,4.88065434
0.81146,811,29.99341,2.47568822,5,4.858842
0.81332,812,29.99341,2.480401,5,4.97335958
0.81336,813,29.99341,2.48571348,5,4.777043
0.81455,814,29.99341,2.49018669,5,4.95154667
0.81636,815,29.99341,2.4948597,5,4.81521559
0.81638,816,29.99341,2.500172,5,4.837029
0.81823,817,29.99341,2.50496459,5,4.913374
0.81827,818,29.99341,2.50999737,5,4.798856
0.81946,819,29.99341,2.514231,5,4.98426628
0.82130,820,29.99341,2.51930356,5,4.75523
0.82133,821,29.99341,2.52477527,5,4.847935
0.82254,822,29.99341,2.52960825,5,4.94064
0.82439,823,29.99341,2.53424144,5,4.92973375
0.82441,824,29.99341,2.5383153,5,4.95154667
0.82622,825,29.99341,2.543867,5,4.6734314
0.82627,826,29.99341,2.54921913,5,4.847935
0.82747,827,29.99341,2.55401182,5,4.869748
0.82934,828,29.99341,2.55864525,5,5.016986
0.82937,829,29.99341,2.56287885,5,4.98426628
0.83058,830,29.99341,2.573623,5,4.82612228
0.83237,831,29.99341,2.57869554,5,4.81521559
0.83238,832,29.99341,2.58324862,5,5.006079
0.83433,833,29.99341,2.58784175,5,4.94064
0.83436,834,29.99341,2.593114,5,4.777043
0.83550,835,29.99341,2.59786677,5,4.869748
0.83729,836,29.99341,2.603259,5,4.777043
0.83733,837,29.99341,2.60785222,5,5.038799
0.83855,838,29.99341,2.6124053,5,4.913374
0.84038,839,29.99341,2.61723828,5,4.81521559
0.84041,840,29.99341,2.622111,5,4.798856
0.84223,841,29.99341,2.62778258,5,4.76613665
0.84225,842,29.99341,2.63217616,5,5.02789259
0.84347,843,29.99341,2.63684916,5,4.90246725
0.84529,844,29.99341,2.64136243,5,4.913374
0.84531,845,29.99341,2.64655471,5,4.733417
0.84654,846,29.99341,2.65234613,5,4.75523
0.84837,847,29.99341,2.65681958,5,5.066065
0.84841,848,29.99341,2.66157246,5,4.98426628
0.85020,849,29.99341,2.665966,5,5.02789259
0.85022,850,29.99341,2.671438,5,4.75523
0.85147,851,29.99341,2.67679,5,4.837029
0.85331,852,29.99341,2.68126345,5,4.96245337
0.85334,853,29.99341,2.68601632,5,4.94064
0.85455,854,29.99341,2.69052958,5,4.98426628
0.85636,855,29.99341,2.69616127,5,4.72251034
0.85638,856,29.99341,2.701114,5,4.90246725
0.85822,857,29.99341,2.70574713,5,4.94064
0.85825,858,29.99341,2.71042013,5,4.96245337
0.85947,859,29.99341,2.715173,5,4.913374
0.86134,860,29.99341,2.72072482,5,4.74432325
0.86136,861,29.99341,2.725318,5,4.92973375
0.86255,862,29.99341,2.73027062,5,4.869748
0.86436,863,29.99341,2.73514342,5,5.006079
0.86438,864,29.99341,2.740176,5,4.94064
0.86624,865,29.99341,2.745528,5,4.891561
0.86629,866,29.99341,2.74996138,5,5.038799
0.86757,867,29.99341,2.75487423,5,4.88065434
0.86928,868,29.99341,2.75954723,5,4.94064
0.86930,869,29.99341,2.76481938,5,4.777043
0.87056,870,29.99341,2.76997161,5,4.891561
0.87237,871,29.99341,2.774525,5,4.96245337
0.87239,872,29.99341,2.7794776,5,4.90246725
0.87429,873,29.99341,2.784031,5,4.95154667
0.87433,874,29.99341,2.78990221,5,4.75523
0.87547,875,29.99341,2.79457521,5,4.95154667
0.87732,876,29.99341,2.79936814,5,4.90246725
0.87734,877,29.99341,2.80468,5,4.92973375
0.87854,878,29.99341,2.80919361,5,4.98426628
0.88040,879,29.99341,2.81454563,5,4.82612228
0.88042,880,29.99341,2.81901884,5,4.98426628
0.88222,881,29.99341,2.82425141,5,4.81521559
0.88228,882,29.99341,2.82932353,5,4.913374
0.88347,883,29.99341,2.833957,5,4.913374
0.88537,884,29.99341,2.83910918,5,4.869748
0.88539,885,29.99341,2.84278369,5,4.98426628
0.88655,886,29.99341,2.84829569,5,4.75523
0.88838,887,29.99341,2.85352778,5,4.95154667
0.88840,888,29.99341,2.85840058,5,4.94064
0.89021,889,29.99341,2.852729,5,4.995173
0.89023,890,29.99341,2.86714768,5,4.90246725
0.89147,891,29.99341,2.87301874,5,4.68979073
0.89330,892,29.99341,2.87797165,5,4.90246725
0.89333,893,29.99341,2.88284421,5,4.869748
0.89455,894,29.99341,2.88739753,5,5.087878
0.89639,895,29.99341,2.89219046,5,4.891561
0.89644,896,29.99341,2.897343,5,4.72251034
0.89823,897,29.99341,2.90245533,5,4.847935
0.89827,898,29.99341,2.90760756,5,4.837029
0.89946,899,29.99341,2.91188121,5,5.07697153
0.90132,900,29.99341,2.91691375,5,4.858842
0.90137,901,29.99341,2.92198634,5,4.82612228
0.90254,902,29.99341,2.926899,5,4.847935
0.90436,903,29.99341,2.932251,5,4.847935
0.90439,904,29.99341,2.93656468,5,5.087878
0.90623,905,29.99341,2.94139743,5,4.869748
0.90625,906,29.99341,2.94611049,5,4.858842
0.90747,907,29.99341,2.95142269,5,4.75523
0.90931,908,29.99341,2.95669484,5,4.837029
0.90933,909,29.99341,2.96096849,5,5.006079
0.91055,910,29.99341,2.96576142,5,4.869748
0.91239,911,29.99341,2.97023463,5,4.891561
0.91241,912,29.99341,2.97594619,5,4.651618
0.91424,913,29.99341,2.98121834,5,4.88065434
0.91428,914,29.99341,2.98569179,5,5.02789259
0.91546,915,29.99341,2.990325,5,4.995173
0.91755,916,29.99341,2.994878,5,4.98426628
0.91760,917,29.99341,3.00070953,5,4.70069742
0.91859,918,29.99341,3.00550246,5,4.913374
0.92038,919,29.99341,3.01013565,5,4.90246725
0.92040,920,29.99341,3.014649,5,4.97335958
0.92220,921,29.99341,3.01952147,5,4.891561
0.92222,922,29.99341,3.02519321,5,4.711604
0.92351,923,29.99341,3.02978635,5,4.95154667
0.92536,924,29.99341,3.03461933,5,4.891561
0.92550,925,29.99341,3.03905272,5,4.995173
0.92655,926,29.99341,3.04416513,5,4.82612228
0.92839,927,29.99341,3.04951715,5,4.76613665
0.92842,928,29.99341,3.05914283,5,4.847935
0.93022,929,29.99341,3.06381583,5,5.02789259
0.93025,930,29.99341,3.06916785,5,4.869748
0.93146,931,29.99341,3.07416058,5,4.95154667
0.93332,932,29.99341,3.07867384,5,4.995173
0.93335,933,29.99341,3.08362651,5,4.869748
0.93456,934,29.99341,3.08817983,5,4.92973375
0.93639,935,29.99341,3.09377146,5,4.733417
0.93643,936,29.99341,3.098764,5,4.94064
0.93825,937,29.99341,3.10323739,5,4.92973375
0.93829,938,29.99341,3.10803032,5,4.913374
0.93947,939,29.99341,3.11278319,5,4.913374
0.94134,940,29.99341,3.118295,5,4.777043
0.94137,941,29.99341,3.12284851,5,4.97335958
0.94254,942,29.99341,3.12776113,5,4.869748
0.94437,943,29.99341,3.132634,5,4.97335958
0.94439,944,29.99341,3.13762641,5,4.90246725
0.94620,945,29.99341,3.14277864,5,4.858842
0.94622,946,29.99341,3.14701247,5,4.95154667
0.94751,947,29.99341,3.15236449,5,4.78794956
0.94932,948,29.99341,3.15727735,5,4.95154667
0.94935,949,29.99341,3.16231,5,4.869748
0.95056,950,29.99341,3.166943,5,4.913374
0.95239,951,29.99341,3.17141628,5,4.92973375
0.95243,952,29.99341,3.177088,5,4.75523
0.95423,953,29.99341,3.18204045,5,4.96245337
0.95425,954,29.99341,3.18695331,5,4.913374
0.95553,955,29.99341,3.19098735,5,5.016986
0.95730,956,29.99341,3.19594,5,4.82612228
0.95732,957,29.99341,3.20173144,5,4.733417
0.95855,958,29.99341,3.20652413,5,4.913374
0.96038,959,29.99341,3.21171641,5,4.90246725
0.96040,960,29.99341,3.21579051,5,5.109691
0.96224,961,29.99341,3.22102284,5,4.81521559
0.96228,962,29.99341,3.226255,5,4.76613665
0.96349,963,29.99341,3.23112774,5,4.837029
0.96535,964,29.99341,3.23612022,5,4.891561
0.96538,965,29.99341,3.240394,5,5.066065
0.96654,966,29.99341,3.24566627,5,4.798856
0.96841,967,29.99341,3.250539,5,4.858842
0.96847,968,29.99341,3.25569153,5,4.82612228
0.97026,969,29.99341,3.26072383,5,4.92973375
0.97029,970,29.99341,3.26511741,5,5.066065
0.97146,971,29.99341,3.26999021,5,4.837029
0.97332,972,29.99341,3.27498269,5,4.847935
0.97336,973,29.99341,3.28069425,5,4.72251034
0.97455,974,29.99341,3.2854073,5,4.92973375
0.97638,975,29.99341,3.28988075,5,4.97335958
0.97641,976,29.99341,3.29455376,5,4.88065434
0.97822,977,29.99341,3.29926658,5,4.869748
0.97824,978,29.99341,3.3052578,5,4.640712
0.97946,979,29.99341,3.309931,5,4.97335958
0.98132,980,29.99341,3.314604,5,4.995173
0.98134,981,29.99341,3.31903744,5,5.016986
0.98254,982,29.99341,3.32371044,5,4.90246725
0.98440,983,29.99341,3.32946181,5,4.711604
0.98446,984,29.99341,3.333975,5,4.96245337
0.98622,985,29.99341,3.33872843,5,4.891561
0.98624,986,29.99341,3.34316182,5,4.995173
0.98748,987,29.99341,3.34839368,5,4.81521559
0.98933,988,29.99341,3.35382557,5,4.74432325
0.98935,989,29.99341,3.3582592,5,4.96245337
0.99056,990,29.99341,3.36305213,5,4.869748
0.99238,991,29.99341,3.36740565,5,4.96245337
0.99241,992,29.99341,3.37275767,5,4.72251034
0.99424,993,29.99341,3.37779021,5,4.75523
0.99429,994,29.99341,3.38234329,5,4.858842
0.99546,995,29.99341,3.387416,5,4.82612228
0.99732,996,29.99341,3.39204884,5,4.995173
0.99735,997,29.99341,3.39752078,5,4.78794956
0.99855,998,29.99341,3.40215421,5,4.95154667
1.00036,999,29.99341,3.40678716,5,4.92973375
1.00038,1000,29.99341,3.4117,5,4.837029
1.00226,1001,29.99341,3.416333,5,4.88065434
1.00229,1002,29.99341,3.421845,5,4.70069742
1.00347,1003,29.99341,3.42643833,5,4.94064
1.00533,1004,29.99341,3.43123078,5,4.891561
1.00536,1005,29.99341,3.435944,5,4.90246725
1.00656,1006,29.99341,3.44085646,5,4.858842
1.00838,1007,29.99341,3.44628882,5,4.76613665
1.00842,1008,29.99341,3.450722,5,4.96245337
1.01023,1009,29.99341,3.45575452,5,4.858842
1.01026,1010,29.99341,3.46054745,5,4.97335958
1.01147,1011,29.99341,3.46565986,5,4.869748
1.01334,1012,29.99341,3.47057247,5,4.858842
1.01337,1013,29.99341,3.474926,5,4.94064
1.01454,1014,29.99341,3.480358,5,4.777043
1.01640,1015,29.99341,3.485191,5,4.96245337
1.01646,1016,29.99341,3.49026346,5,4.858842
1.01825,1017,29.99341,3.494737,5,4.94064
1.01827,1018,29.99341,3.49976945,5,4.913374
1.01947,1019,29.99341,3.510034,5,4.98426628
1.02135,1020,29.99341,3.51514649,5,4.94064
1.02137,1021,29.99341,3.51914048,5,5.02789259
1.02255,1022,29.99341,3.524453,5,4.81521559
1.02440,1023,29.99341,3.53004432,5,4.75523
1.02444,1024,29.99341,3.53004432,5,4.75523
1.02622,1025,29.99341,3.53959036,5,4.92973375
1.02625,1026,29.99341,3.543744,5,5.09878445
1.02748,1027,29.99341,3.54913616,5,4.78794956
1.02933,1028,29.99341,3.55420852,5,4.777043
1.02937,1029,29.99341,3.55920124,5,4.837029
1.03057,1030,29.99341,3.563994,5,4.913374
1.03238,1031,29.99341,3.56838775,5,5.05515862
1.03243,1032,29.99341,3.57373977,5,4.78794956
1.03437,1033,29.99341,3.5785327,5,4.88065434
1.03440,1034,29.99341,3.58384466,5,4.81521559
1.03549,1035,29.99341,3.58867717,5,4.97335958
1.03736,1036,29.99341,3.59315085,5,5.038799
1.03750,1037,29.99341,3.59806347,5,4.837029
1.03856,1038,29.99341,3.60273647,5,4.858842
1.04039,1039,29.99341,3.608448,5,4.711604
1.04043,1040,29.99341,3.61304116,5,4.96245337
1.04224,1041,29.99341,3.61759472,5,4.95154667
1.04226,1042,29.99341,3.62222743,5,4.88065434
1.04348,1043,29.99341,3.62710047,5,4.847935
1.04533,1044,29.99341,3.63301182,5,4.6625247
1.04536,1045,29.99341,3.637605,5,5.006079
1.04654,1046,29.99341,3.642318,5,4.98426628
1.04841,1047,29.99341,3.64671135,5,5.016986
1.04845,1048,29.99341,3.65190363,5,4.869748
1.05026,1049,29.99341,3.65749526,5,4.72251034
1.05029,1050,29.99341,3.661889,5,4.97335958
1.05147,1051,29.99341,3.66668153,5,4.88065434
1.05330,1052,29.99341,3.67111516,5,4.98426628
1.05333,1053,29.99341,3.67654729,5,4.777043
1.05455,1054,29.99341,3.68177938,5,4.76613665
1.05640,1055,29.99341,3.6863327,5,4.96245337
1.05644,1056,29.99341,3.69104552,5,4.90246725
1.05827,1057,29.99341,3.69555879,5,4.97335958
1.05830,1058,29.99341,3.701071,5,4.733417
1.05947,1059,29.99341,3.70586348,5,4.837029
1.06131,1060,29.99341,3.71057677,5,4.869748
1.06137,1061,29.99341,3.71560931,5,4.88065434
1.06256,1062,29.99341,3.72036219,5,4.995173
1.06439,1063,29.99341,3.725874,5,4.81521559
1.06443,1064,29.99341,3.73034739,5,4.913374
1.06622,1065,29.99341,3.7354598,5,4.88065434
1.06625,1066,29.99341,3.73985314,5,4.88065434
1.06765,1067,29.99341,3.74516535,5,4.74432325
1.06935,1068,29.99341,3.75055718,5,4.98426628
1.06938,1069,29.99341,3.75531054,5,4.88065434
1.07055,1070,29.99341,3.76026273,5,4.95154667
1.07240,1071,29.99341,3.76481628,5,4.82612228
1.07243,1072,29.99341,3.7701683,5,4.81521559
1.07421,1073,29.99341,3.775161,5,4.96245337
1.07424,1074,29.99341,3.779714,5,4.847935
1.07550,1075,29.99341,3.78418779,5,4.847935
1.07730,1076,29.99341,3.78890038,5,4.98426628
1.07733,1077,29.99341,3.79417253,5,4.837029
1.07860,1078,29.99341,3.798726,5,4.891561
1.08040,1079,29.99341,3.80331922,5,4.891561
1.08044,1080,29.99341,3.80867124,5,4.78794956
1.08220,1081,29.99341,3.81378365,5,4.81521559
1.08222,1082,29.99341,3.81853652,5,4.81521559
1.08349,1083,29.99341,3.82277,5,4.95154667
1.08534,1084,29.99341,3.82812238,5,4.777043
1.08537,1085,29.99341,3.83363414,5,4.96245337
1.08656,1086,29.99341,3.838467,5,4.90246725
1.08839,1087,29.99341,3.84310031,5,4.995173
1.08841,1088,29.99341,3.84717417,5,4.75523
1.09022,1089,29.99341,3.8527658,5,4.777043
1.09026,1090,29.99341,3.85811758,5,4.90246725
1.09150,1091,29.99341,3.86291075,5,4.95154667
1.09333,1092,29.99341,3.867504,5,5.07697153
1.09336,1093,29.99341,3.87177753,5,4.74432325
1.09458,1094,29.99341,3.87732935,5,4.78794956
1.09639,1095,29.99341,3.88220239,5,4.81521559
1.09642,1096,29.99341,3.88763428,5,4.94064
1.09822,1097,29.99341,3.89214754,5,5.016986
1.09824,1098,29.99341,3.89674067,5,4.76613665
1.09951,1099,29.99341,3.9020524,5,4.869748
1.10132,1100,29.99341,3.90684557,5,4.798856
1.10134,1101,29.99341,3.91191816,5,4.995173
1.10255,1102,29.99341,3.9165113,5,5.016986
1.10437,1103,29.99341,3.92138386,5,4.82612228
1.10441,1104,29.99341,3.92625666,5,4.847935
1.10621,1105,29.99341,3.93116927,5,4.711604
1.10622,1106,29.99341,3.936801,5,4.98426628
1.10746,1107,29.99341,3.94115448,5,4.95154667
1.10931,1108,29.99341,3.94586778,5,4.891561
1.10933,1109,29.99341,3.950381,5,4.82612228
1.11056,1110,29.99341,3.95565319,5,4.68979073
1.11239,1111,29.99341,3.96140456,5,5.038799
1.11242,1112,29.99341,3.965838,5,4.98426628
1.11420,1113,29.99341,3.97059131,5,5.038799
1.11422,1114,29.99341,3.97494435,5,4.837029
1.11545,1115,29.99341,3.98049617,5,4.75523
1.11748,1116,29.99341,3.98576832,5,4.97335958
1.11752,1117,29.99341,3.990202,5,4.891561
1.11855,1118,29.99341,3.99495482,5,4.995173
1.12039,1119,29.99341,3.99950814,5,4.75523
1.12043,1120,29.99341,4.00514,5,4.81521559
1.12220,1121,29.99341,4.01472569,5,4.92973375
1.12222,1122,29.99341,4.01935863,5,4.97335958
1.12349,1123,29.99341,4.02411175,5,4.733417
1.12528,1124,29.99341,4.02411175,5,4.733417
1.12532,1125,29.99341,4.03425646,5,4.88065434
1.12655,1126,29.99341,4.039249,5,4.94064
1.12838,1127,29.99341,4.044082,5,5.006079
1.12840,1128,29.99341,4.04915428,5,4.847935
1.13020,1129,29.99341,4.05446672,5,5.05515862
1.13022,1130,29.99341,4.05890036,5,4.913374
1.13145,1131,29.99341,4.063853,5,4.92973375
1.13328,1132,29.99341,4.06848574,5,4.847935
1.13330,1133,29.99341,4.07383776,5,4.81521559
1.13458,1134,29.99341,4.07891035,5,4.995173
1.13639,1135,29.99341,4.08350372,5,4.913374
1.13642,1136,29.99341,4.088456,5,4.98426628
1.13820,1137,29.99341,4.09304953,5,4.798856
1.13822,1138,29.99341,4.098601,5,4.891561
1.13946,1139,29.99341,4.1033144,5,4.95154667
1.14131,1140,29.99341,4.108067,5,4.88065434
1.14133,1141,29.99341,4.11313963,5,5.016986
1.14254,1142,29.99341,4.11789274,5,4.82612228
1.14437,1143,29.99341,4.123245,5,4.96245337
1.14439,1144,29.99341,4.127518,5,4.869748
1.14622,1145,29.99341,4.132631,5,4.858842
1.14623,1146,29.99341,4.13774347,5,4.96245337
1.14746,1147,29.99341,4.142656,5,4.847935
1.14929,1148,29.99341,4.147568,5,5.006079
1.14930,1149,29.99341,4.15180254,5,4.78794956
1.15057,1150,29.99341,4.157354,5,4.869748
1.15239,1151,29.99341,4.16250658,5,4.96245337
1.15244,1152,29.99341,4.167419,5,4.95154667
1.15420,1153,29.99341,4.171653,5,4.97335958
1.15421,1154,29.99341,4.176166,5,4.70069742
1.15547,1155,29.99341,4.18207741,5,4.869748
1.15730,1156,29.99341,4.18699,5,4.891561
1.15731,1157,29.99341,4.191903,5,5.02789259
1.15855,1158,29.99341,4.196176,5,5.016986
1.16039,1159,29.99341,4.20092964,5,4.711604
1.16045,1160,29.99341,4.206681,5,4.837029
1.16220,1161,29.99341,4.21151352,5,4.82612228
1.16221,1162,29.99341,4.216626,5,5.016986
1.16346,1163,29.99341,4.22089958,5,4.94064
1.16531,1164,29.99341,4.22633171,5,4.798856
1.16533,1165,29.99341,4.231045,5,4.88065434
1.16655,1166,29.99341,4.23599768,5,4.81521559
1.16837,1167,29.99341,4.241309,5,5.07697153
1.16840,1168,29.99341,4.245583,5,4.913374
1.17021,1169,29.99341,4.250456,5,4.82612228
1.17023,1170,29.99341,4.25508928,5,4.78794956
1.17150,1171,29.99341,4.260521,5,4.76613665
1.17328,1172,29.99341,4.265474,5,5.02789259
1.17329,1173,29.99341,4.269707,5,4.891561
1.17456,1174,29.99341,4.27450037,5,4.913374
1.17635,1175,29.99341,4.27901363,5,4.72251034
1.17638,1176,29.99341,4.284685,5,4.76613665
1.17820,1177,29.99341,4.28995752,5,5.066065
1.17821,1178,29.99341,4.294471,5,4.97335958
1.17948,1179,29.99341,4.29910374,5,5.016986
1.18128,1180,29.99341,4.303657,5,4.74432325
1.18129,1181,29.99341,4.30944824,5,4.837029
1.18254,1182,29.99341,4.31420135,5,4.94064
1.18436,1183,29.99341,4.3188343,5,4.92973375
1.18439,1184,29.99341,4.323388,5,4.95154667
1.18625,1185,29.99341,4.328221,5,4.68979073
1.18628,1186,29.99341,4.333892,5,4.90246725
1.18752,1187,29.99341,4.3385253,5,4.913374
1.18936,1188,29.99341,4.34331846,5,4.96245337
1.18939,1189,29.99341,4.34779167,5,4.90246725
1.19057,1190,29.99341,4.352864,5,4.72251034
1.19236,1191,29.99341,4.35821629,5,4.913374
1.19238,1192,29.99341,4.36272955,5,4.847935
1.19419,1193,29.99341,4.367762,5,4.98426628
1.19421,1194,29.99341,4.372515,5,4.913374
1.19548,1195,29.99341,4.37782669,5,4.869748
1.19728,1196,29.99341,4.38281965,5,5.016986
1.19730,1197,29.99341,4.387293,5,4.869748
1.19854,1198,29.99341,4.392286,5,4.92973375
1.20037,1199,29.99341,4.39687872,5,4.76613665
1.20038,1200,29.99341,4.40239048,5,4.869748
1.20221,1201,29.99341,4.407104,5,4.95154667
1.20222,1202,29.99341,4.41185665,5,4.88065434
1.20349,1203,29.99341,4.41664934,5,4.95154667
1.20531,1204,29.99341,4.42144251,5,4.75523
1.20533,1205,29.99341,4.426914,5,4.94064
1.20656,1206,29.99341,4.43142748,5,4.891561
1.20836,1207,29.99341,4.4367,5,4.90246725
1.20838,1208,29.99341,4.441293,5,4.97335958
1.21019,1209,29.99341,4.446605,5,4.81521559
1.21021,1210,29.99341,4.455951,5,4.81521559
1.21146,1211,29.99341,4.461303,5,4.891561
1.21328,1212,29.99341,4.46621561,5,4.92973375
1.21330,1213,29.99341,4.471248,5,4.858842
1.21457,1214,29.99341,4.47584152,5,4.98426628
1.21636,1215,29.99341,4.480395,5,4.76613665
1.21638,1216,29.99341,4.4861064,5,4.92973375
1.21821,1217,29.99341,4.4910593,5,4.95154667
1.21823,1218,29.99341,4.49593163,5,4.995173
1.21946,1219,29.99341,4.49996567,5,4.92973375
1.22128,1220,29.99341,4.50499868,5,4.711604
1.22130,1221,29.99341,4.51075,5,4.90246725
1.22257,1222,29.99341,4.515543,5,4.88065434
1.22435,1223,29.99341,4.52045536,5,5.09878445
1.22437,1224,29.99341,4.52456951,5,4.92973375
1.22620,1225,29.99341,4.529802,5,4.733417
1.22622,1226,29.99341,4.5350337,5,4.858842
1.22746,1227,29.99341,4.5399065,5,4.837029
1.22929,1228,29.99341,4.544899,5,5.07697153
1.22931,1229,29.99341,4.549213,5,4.88065434
1.23058,1230,29.99341,4.55448532,5,4.837029
1.23237,1231,29.99341,4.559358,5,4.869748
1.23239,1232,29.99341,4.56451035,5,4.858842
1.23431,1233,29.99341,4.56958246,5,5.087878
1.23435,1234,29.99341,4.57389641,5,4.869748
1.23549,1235,29.99341,4.578849,5,4.858842
1.23730,1236,29.99341,4.583522,5,4.75523
1.23733,1237,29.99341,4.589154,5,4.837029
1.23856,1238,29.99341,4.59394646,5,5.016986
1.24037,1239,29.99341,4.59837961,5,4.88065434
1.24040,1240,29.99341,4.603093,5,4.90246725
1.24220,1241,29.99341,4.607766,5,4.6625247
1.24222,1242,29.99341,4.613757,5,4.88065434
1.24346,1243,29.99341,4.61847,5,5.02789259
1.24529,1244,29.99341,4.623143,5,4.98426628
1.24531,1245,29.99341,4.62757635,5,4.98426628
1.24656,1246,29.99341,4.63252926,5,4.70069742
1.24837,1247,29.99341,4.638281,5,4.913374
1.24839,1248,29.99341,4.642754,5,4.90246725
1.25023,1249,29.99341,4.64750671,5,4.96245337
1.25026,1250,29.99341,4.65194035,5,4.891561
1.25146,1251,29.99341,4.65721226,5,4.70069742
1.25331,1252,29.99341,4.662645,5,4.95154667
1.25333,1253,29.99341,4.667158,5,4.90246725
1.25457,1254,29.99341,4.671951,5,4.98426628
1.25636,1255,29.99341,4.676384,5,4.82612228
1.25639,1256,29.99341,4.68181658,5,4.76613665
1.25820,1257,29.99341,4.68708849,5,4.913374
1.25823,1258,29.99341,4.69172144,5,4.847935
1.25946,1259,29.99341,4.69711351,5,5.006079
1.26129,1260,29.99341,4.701507,5,4.869748
1.26130,1261,29.99341,4.707019,5,4.94064
1.26256,1262,29.99341,4.711572,5,4.98426628
1.26436,1263,29.99341,4.716645,5,4.869748
1.26439,1264,29.99341,4.720878,5,4.913374
1.26620,1265,29.99341,4.725631,5,4.72251034
1.26623,1266,29.99341,4.731143,5,4.92973375
1.26759,1267,29.99341,4.73565626,5,4.913374
1.26930,1268,29.99341,4.740529,5,4.891561
1.26931,1269,29.99341,4.74544144,5,4.90246725
1.27056,1270,29.99341,4.750594,5,4.74432325
1.27236,1271,29.99341,4.75582647,5,4.96245337
1.27238,1272,29.99341,4.76033974,5,4.869748
1.27419,1273,29.99341,4.765093,5,4.95154667
1.27420,1274,29.99341,4.77008533,5,4.90246725
1.27546,1275,29.99341,4.77499771,5,4.82612228
1.27729,1276,29.99341,4.779791,5,4.95154667
1.27731,1277,29.99341,4.784184,5,4.76613665
1.27857,1278,29.99341,4.78989553,5,4.94064
1.28036,1279,29.99341,4.79472876,5,4.869748
1.28038,1280,29.99341,4.7997613,5,4.88065434
1.28220,1281,29.99341,4.804075,5,4.94064
1.28222,1282,29.99341,4.80898762,5,4.74432325
1.28346,1283,29.99341,4.814619,5,4.95154667
1.28530,1284,29.99341,4.819412,5,4.913374
1.28532,1285,29.99341,4.824165,5,5.006079
1.28656,1286,29.99341,4.82819939,5,4.847935
1.28839,1287,29.99341,4.833591,5,4.70069742
1.28843,1288,29.99341,4.839063,5,4.90246725
1.29023,1289,29.99341,4.843896,5,4.88065434
1.29027,1290,29.99341,4.848569,5,5.09878445
1.29146,1291,29.99341,4.8527627,5,4.847935
1.29330,1292,29.99341,4.85823441,5,4.74432325
1.29332,1293,29.99341,4.863227,5,4.837029
1.29455,1294,29.99341,4.86822,5,4.847935
1.29638,1295,29.99341,4.872973,5,5.066065
1.29643,1296,29.99341,4.877366,5,4.81521559
1.29823,1297,29.99341,4.88267851,5,4.837029
1.29827,1298,29.99341,4.887471,5,4.837029
1.29950,1299,29.99341,4.892783,5,4.88065434
1.30130,1300,29.99341,4.89757633,5,5.07697153
